imdb_id,title,wiki
tt0145487,Spider-Man,https://en.wikipedia.org/?curid=146947
tt0316654,Spider-Man 2,https://en.wikipedia.org/?curid=612052
tt0413300,Spider-Man 3,https://en.wikipedia.org/?curid=702117
tt0133093,The Matrix,https://en.wikipedia.org/?curid=30007
tt0234215,The Matrix Reloaded,https://en.wikipedia.org/?curid=123417
tt0242653,The Matrix Revolutions,https://en.wikipedia.org/?curid=210998
tt0120737,The Lord of the Rings: The Fellowship of the Ring,https://en.wikipedia.org/?curid=173941
tt0167261,The Lord of the Rings: The Two Towers,https://en.wikipedia.org/?curid=173944
tt0167260,The Lord of the Rings: The Return of the King,https://en.wikipedia.org/?curid=174251
tt0088763,Back to the Future,https://en.wikipedia.org/?curid=42993
tt0096874,Back to the Future Part II,https://en.wikipedia.org/?curid=213270
tt0099088,Back to the Future Part III,https://en.wikipedia.org/?curid=213275
tt0095016,Die Hard,https://en.wikipedia.org/?curid=97646
tt0099423,Die Hard 2,https://en.wikipedia.org/?curid=433824
tt0112864,Die Hard with a Vengeance,https://en.wikipedia.org/?curid=357473
tt0337978,Live Free or Die Hard,https://en.wikipedia.org/?curid=1752246
tt1606378,A Good Day to Die Hard,https://en.wikipedia.org/?curid=34228306
tt0079501,Mad Max,https://en.wikipedia.org/?curid=255898
tt0082694,The Road Warrior,https://en.wikipedia.org/?curid=262465
tt0089530,Mad Max Beyond Thunderdome,https://en.wikipedia.org/?curid=598868
tt0075148,Rocky,https://en.wikipedia.org/?curid=45772
tt0079817,Rocky II,https://en.wikipedia.org/?curid=149433
tt0084602,Rocky III,https://en.wikipedia.org/?curid=152328
tt0089927,Rocky IV,https://en.wikipedia.org/?curid=104984
tt0100507,Rocky V,https://en.wikipedia.org/?curid=153435
tt0479143,Rocky Balboa,https://en.wikipedia.org/?curid=2887437
tt0088247,The Terminator,https://en.wikipedia.org/?curid=30327
tt0103064,Terminator 2: Judgment Day,https://en.wikipedia.org/?curid=34344124
tt0181852,Terminator 3: Rise of the Machines,https://en.wikipedia.org/?curid=225615
tt0438488,Terminator Salvation,https://en.wikipedia.org/?curid=13670373
tt0120903,X-Men,https://en.wikipedia.org/?curid=19479460
tt0290334,X2,https://en.wikipedia.org/?curid=288303
tt0376994,X-Men: The Last Stand,https://en.wikipedia.org/?curid=2029825
tt1270798,X: First Class,https://en.wikipedia.org/?curid=28648635
tt1877832,X-Men: Days of Future Past,https://en.wikipedia.org/?curid=36613262
tt3385516,X-Men: Apocalypse,https://en.wikipedia.org/?curid=43530847
tt0458525,X-Men Origins: Wolverine,https://en.wikipedia.org/?curid=2982688
tt1430132,The Wolverine,https://en.wikipedia.org/?curid=29273565
tt3315342,Logan,https://en.wikipedia.org/?curid=43655965
tt0232500,The Fast and the Furious,https://en.wikipedia.org/?curid=248222
tt0322259,2 Fast 2 Furious,https://en.wikipedia.org/?curid=407288
tt0463985,The Fast and the Furious: Tokyo Drift,https://en.wikipedia.org/?curid=2913859
tt1013752,Fast & Furious,https://en.wikipedia.org/?curid=1899768
tt1596343,Fast Five,https://en.wikipedia.org/?curid=28085067
tt1905041,Furious 6,https://en.wikipedia.org/?curid=1899768
tt2820852,Furious 7,https://en.wikipedia.org/?curid=39238465
tt0293662,The Transporter,https://en.wikipedia.org/?curid=972958
tt0388482,Transporter 2,https://en.wikipedia.org/?curid=2409484
tt1129442,Transporter 3,https://en.wikipedia.org/?curid=15968423
tt0078748,Alien,https://en.wikipedia.org/?curid=23487440
tt0090605,Aliens,https://en.wikipedia.org/?curid=213472
tt0118583,Alien: Resurrection,https://en.wikipedia.org/?curid=213246
tt0370263,AVP: Alien vs. Predator,https://en.wikipedia.org/?curid=901421
tt0758730,Aliens vs. Predator: Requiem,https://en.wikipedia.org/?curid=5439220
tt0093773,Predator,https://en.wikipedia.org/?curid=230481
tt0100403,Predator 2,https://en.wikipedia.org/?curid=620034
tt1424381,Predators,https://en.wikipedia.org/?curid=24630747
tt0387564,Saw,https://en.wikipedia.org/?curid=1025150
tt0432348,Saw II,https://en.wikipedia.org/?curid=1640736
tt0489270,Saw III,https://en.wikipedia.org/?curid=3636498
tt0890870,Saw IV,https://en.wikipedia.org/?curid=7694669
tt1132626,Saw V,https://en.wikipedia.org/?curid=14384820
tt1233227,Saw VI,https://en.wikipedia.org/?curid=19844891
tt1477076,Saw 3D: The Final Chapter,https://en.wikipedia.org/?curid=24341999
tt0117571,Scream,https://en.wikipedia.org/?curid=113549
tt0120082,Scream 2,https://en.wikipedia.org/?curid=600320
tt0134084,Scream 3,https://en.wikipedia.org/?curid=600351
tt1262416,Scream 4,https://en.wikipedia.org/?curid=19787914
tt0195714,Final Destination,https://en.wikipedia.org/?curid=219712
tt0309593,Final Destination 2,https://en.wikipedia.org/?curid=1128240
tt0414982,Final Destination 3,https://en.wikipedia.org/?curid=1945359
tt1144884,The Final Destination,https://en.wikipedia.org/?curid=15886402
tt1622979,Final Destination 5,https://en.wikipedia.org/?curid=28722503
tt0320691,Underworld,https://en.wikipedia.org/?curid=452767
tt0401855,Underworld: Evolution,https://en.wikipedia.org/?curid=1473196
tt0834001,Underworld: Rise of the Lycans,https://en.wikipedia.org/?curid=15465392
tt1496025,Underworld Awakening,https://en.wikipedia.org/?curid=30009835
tt0117060,Mission: Impossible,https://en.wikipedia.org/?curid=724258
tt0120755,Mission: Impossible II,https://en.wikipedia.org/?curid=451866
tt0317919,Mission: Impossible III,https://en.wikipedia.org/?curid=2021700
tt1229238,Mission: Impossible - Ghost Protocol,https://en.wikipedia.org/?curid=17298593
tt0418279,Transformers,https://en.wikipedia.org/?curid=2236472
tt1055369,Transformers: Revenge of the Fallen,https://en.wikipedia.org/?curid=12319832
tt1399103,Transformers: Dark of the Moon,https://en.wikipedia.org/?curid=25001260
tt0163651,American Pie,https://en.wikipedia.org/?curid=2580403
tt0252866,American Pie 2,https://en.wikipedia.org/?curid=241471
tt0328828,American Wedding,https://en.wikipedia.org/?curid=241482
tt1502712,Fantastic Four,https://en.wikipedia.org/?curid=39321638
tt0486576,Fantastic Four: Rise of the Silver Surfer,https://en.wikipedia.org/?curid=3654271
tt0286716,Hulk,https://en.wikipedia.org/?curid=407591
tt0800080,The Incredible Hulk,https://en.wikipedia.org/?curid=5476946
tt0078346,Superman,https://en.wikipedia.org/?curid=362719
tt0081573,Superman II,https://en.wikipedia.org/?curid=1059280
tt0086393,Superman III,https://en.wikipedia.org/?curid=1059701
tt0094074,Superman IV: The Quest for Peace,https://en.wikipedia.org/?curid=407628
tt0348150,Superman Returns,https://en.wikipedia.org/?curid=1082656
tt0146336,Urban Legend,https://en.wikipedia.org/?curid=935847
tt0192731,Urban Legends: Final Cut,https://en.wikipedia.org/?curid=1688593
tt0096895,Batman,https://en.wikipedia.org/?curid=4726
tt0103776,Batman Returns,https://en.wikipedia.org/?curid=4728
tt0112462,Batman Forever,https://en.wikipedia.org/?curid=4730
tt0118688,Batman & Robin,https://en.wikipedia.org/?curid=4335
tt0372784,Batman Begins,https://en.wikipedia.org/?curid=481605
tt0468569,The Dark Knight,https://en.wikipedia.org/?curid=4276475
tt1345836,The Dark Knight Rises,https://en.wikipedia.org/?curid=29075630
tt0167190,Hellboy,https://en.wikipedia.org/?curid=5292920
tt0411477,Hellboy II: The Golden Army,https://en.wikipedia.org/?curid=5292154
tt0120611,Blade,https://en.wikipedia.org/?curid=471544
tt0187738,Blade II,https://en.wikipedia.org/?curid=479757
tt0359013,Blade: Trinity,https://en.wikipedia.org/?curid=1129583
tt0287978,Daredevil,https://en.wikipedia.org/?curid=1129847
tt0357277,Elektra,https://en.wikipedia.org/?curid=1131021
tt0119654,Men in Black,https://en.wikipedia.org/?curid=167599
tt0120912,Men in Black II,https://en.wikipedia.org/?curid=673599
tt1409024,Men in Black 3,https://en.wikipedia.org/?curid=13049327
tt0120804,Resident Evil,https://en.wikipedia.org/?curid=1033297
tt0318627,Resident Evil: Apocalypse,https://en.wikipedia.org/?curid=797798
tt0432021,Resident Evil: Extinction,https://en.wikipedia.org/?curid=2271177
tt1220634,Resident Evil: Afterlife,https://en.wikipedia.org/?curid=15332396
tt1855325,Resident Evil: Retribution,https://en.wikipedia.org/?curid=31841233
tt0227538,Spy Kids,https://en.wikipedia.org/?curid=11762841
tt0287717,Spy Kids 2: Island of Lost Dreams,https://en.wikipedia.org/?curid=33577424
tt0338459,Spy Kids 3: Game Over,https://en.wikipedia.org/?curid=194693
tt1517489,Spy Kids: All the Time in the World in 4D,https://en.wikipedia.org/?curid=29384326
tt0119345,I Know What You Did Last Summer,https://en.wikipedia.org/?curid=255049
tt0130018,I Still Know What You Did Last Summer,https://en.wikipedia.org/?curid=657797
tt0356634,Garfield,https://en.wikipedia.org/?curid=348449
tt0455499,Garfield: A Tail of Two Kitties,https://en.wikipedia.org/?curid=3251133
tt0371746,Iron Man,https://en.wikipedia.org/?curid=5676692
tt1228705,Iron Man 2,https://en.wikipedia.org/?curid=22144721
tt1300854,Iron Man Three,https://en.wikipedia.org/?curid=22144990
tt0126029,Shrek,https://en.wikipedia.org/?curid=18717177
tt0298148,Shrek 2,https://en.wikipedia.org/?curid=525314
tt0413267,Shrek the Third,https://en.wikipedia.org/?curid=903383
tt0892791,Shrek Forever After,https://en.wikipedia.org/?curid=27193568
tt1216516,Tinker Bell and the Lost Treasure,https://en.wikipedia.org/?curid=24785258
tt1217213,Secret of the Wings,https://en.wikipedia.org/?curid=28195052
tt0107290,Jurassic Park,https://en.wikipedia.org/?curid=68485
tt0119567,The Lost World: Jurassic Park,https://en.wikipedia.org/?curid=666923
tt0163025,Jurassic Park III,https://en.wikipedia.org/?curid=473273
tt0369610,Jurassic World,https://en.wikipedia.org/?curid=2615708
tt0082971,Raiders of the Lost Ark,https://en.wikipedia.org/?curid=54166
tt0087469,Indiana Jones and the Temple of Doom,https://en.wikipedia.org/?curid=81503
tt0097576,Indiana Jones and the Last Crusade,https://en.wikipedia.org/?curid=51888
tt0367882,Indiana Jones and the Kingdom of the Crystal Skull,https://en.wikipedia.org/?curid=1252914
tt0120915,Star Wars: Episode I - The Phantom Menace,https://en.wikipedia.org/?curid=50793
tt0121765,Star Wars: Episode II - Attack of the Clones,https://en.wikipedia.org/?curid=50957
tt0121766,Star Wars: Episode III - Revenge of the Sith,https://en.wikipedia.org/?curid=55447
tt0076759,Star Wars: Episode IV - A New Hope,https://en.wikipedia.org/?curid=52549
tt0080684,Star Wars: Episode V - The Empire Strikes Back,https://en.wikipedia.org/?curid=53964
tt0086190,Star Wars: Episode VI - Return of the Jedi,https://en.wikipedia.org/?curid=50744
tt2488496,Star Wars: Episode VII - The Force Awakens,https://en.wikipedia.org/?curid=14723194
tt1099212,Twilight,https://en.wikipedia.org/?curid=14277334
tt1259571,The Twilight Saga: New Moon,https://en.wikipedia.org/?curid=20672258
tt1325004,The Twilight Saga: Eclipse,https://en.wikipedia.org/?curid=21678052
tt1324999,The Twilight Saga: Breaking Dawn - Part 1,https://en.wikipedia.org/?curid=26581256
tt1673434,The Twilight Saga: Breaking Dawn - Part 2,https://en.wikipedia.org/?curid=34418416
tt0266697,Kill Bill: Vol. 1,https://en.wikipedia.org/?curid=301314
tt0378194,Kill Bill: Vol. 2,https://en.wikipedia.org/?curid=525270
tt0087332,Ghostbusters,https://en.wikipedia.org/?curid=205013
tt0097428,Ghostbusters II,https://en.wikipedia.org/?curid=618929
tt0114709,Toy Story,https://en.wikipedia.org/?curid=53085
tt0120363,Toy Story 2,https://en.wikipedia.org/?curid=335298
tt0435761,Toy Story 3,https://en.wikipedia.org/?curid=1213838
tt0061584,Doctor Dolittle,https://en.wikipedia.org/?curid=99015
tt0240462,Dr. Dolittle 2,https://en.wikipedia.org/?curid=735291
tt0111257,Speed,https://en.wikipedia.org/?curid=99123
tt0120179,Speed 2: Cruise Control,https://en.wikipedia.org/?curid=1046769
tt0175142,Scary Movie,https://en.wikipedia.org/?curid=277667
tt0257106,Scary Movie 2,https://en.wikipedia.org/?curid=532618
tt0306047,Scary Movie 3,https://en.wikipedia.org/?curid=880056
tt0362120,Scary Movie 4,https://en.wikipedia.org/?curid=2486990
tt0795461,Scary Movie 5,https://en.wikipedia.org/?curid=32084755
tt0298130,The Ring,https://en.wikipedia.org/?curid=62668
tt0377109,The Ring Two,https://en.wikipedia.org/?curid=30871261
tt0092076,The Texas Chainsaw Massacre 2,https://en.wikipedia.org/?curid=397753
tt0099994,Leatherface: Texas Chainsaw Massacre III,https://en.wikipedia.org/?curid=2609817
tt0110978,Texas Chainsaw Massacre: The Next Generation,https://en.wikipedia.org/?curid=2742915
tt0324216,The Texas Chainsaw Massacre,https://en.wikipedia.org/?curid=3231682
tt0420294,The Texas Chainsaw Massacre: The Beginning,https://en.wikipedia.org/?curid=3237559
tt0072271,The Texas Chain Saw Massacre,https://en.wikipedia.org/?curid=29781
tt0212338,Meet the Parents,https://en.wikipedia.org/?curid=695023
tt0290002,Meet the Fockers,https://en.wikipedia.org/?curid=962010
tt0970866,Little Fockers,https://en.wikipedia.org/?curid=23092448
tt0159273,Behind Enemy Lines,https://en.wikipedia.org/?curid=732851
tt0160127,Charlie's Angels,https://en.wikipedia.org/?curid=342692
tt0305357,Charlie's Angels: Full Throttle,https://en.wikipedia.org/?curid=256337
tt0112442,Bad Boys,https://en.wikipedia.org/?curid=673613
tt0172156,Bad Boys II,https://en.wikipedia.org/?curid=1037237
tt0391198,The Grudge,https://en.wikipedia.org/?curid=1094719
tt0433386,The Grudge 2,https://en.wikipedia.org/?curid=3226774
tt1053859,The Grudge 3,https://en.wikipedia.org/?curid=6142808
tt0289879,The Butterfly Effect,https://en.wikipedia.org/?curid=454208
tt0457297,The Butterfly Effect 2,https://en.wikipedia.org/?curid=3616144
tt1234541,The Butterfly Effect 3: Revelations,https://en.wikipedia.org/?curid=18901478
tt0366551,Harold & Kumar Go to White Castle,https://en.wikipedia.org/?curid=555297
tt0481536,Harold & Kumar Escape from Guantanamo Bay,https://en.wikipedia.org/?curid=555297
tt1268799,A Very Harold & Kumar 3D Christmas,https://en.wikipedia.org/?curid=-1
tt0164052,Hollow Man,https://en.wikipedia.org/?curid=1332901
tt0120201,Starship Troopers,https://en.wikipedia.org/?curid=203841
tt0844760,Starship Troopers 3: Marauder,https://en.wikipedia.org/?curid=6845157
tt0268380,Ice Age,https://en.wikipedia.org/?curid=34044456
tt0438097,Ice Age: The Meltdown,https://en.wikipedia.org/?curid=2303174
tt1080016,Ice Age: Dawn of the Dinosaurs,https://en.wikipedia.org/?curid=12260598
tt1667889,Ice Age: Continental Drift,https://en.wikipedia.org/?curid=29609480
tt0351283,Madagascar,https://en.wikipedia.org/?curid=17901688
tt0479952,Madagascar: Escape 2 Africa,https://en.wikipedia.org/?curid=3858746
tt1277953,Madagascar 3: Europe's Most Wanted,https://en.wikipedia.org/?curid=21153376
tt0441773,Kung Fu Panda,https://en.wikipedia.org/?curid=3248340
tt1302011,Kung Fu Panda 2,https://en.wikipedia.org/?curid=23217064
tt2267968,Kung Fu Panda 3,https://en.wikipedia.org/?curid=41788608
tt0317219,Cars,https://en.wikipedia.org/?curid=920613
tt1216475,Cars 2,https://en.wikipedia.org/?curid=16839388
tt0110357,The Lion King,https://en.wikipedia.org/?curid=88678
tt0097757,The Little Mermaid,https://en.wikipedia.org/?curid=301574
tt0337697,The Prince and Me,https://en.wikipedia.org/?curid=1096949
tt0247638,The Princess Diaries,https://en.wikipedia.org/?curid=564986
tt0368933,The Princess Diaries 2: Royal Engagement,https://en.wikipedia.org/?curid=733213
tt0243155,Bridget Jones's Diary,https://en.wikipedia.org/?curid=1774803
tt0317198,Bridget Jones: The Edge of Reason,https://en.wikipedia.org/?curid=1157124
tt1473832,Bridget Jones's Baby,https://en.wikipedia.org/?curid=47438451
tt0120762,Mulan,https://en.wikipedia.org/?curid=55720
tt0034492,Bambi,https://en.wikipedia.org/?curid=683122
tt0447854,Bambi II,https://en.wikipedia.org/?curid=2877925
tt0258463,The Bourne Identity,https://en.wikipedia.org/?curid=963986
tt0372183,The Bourne Supremacy,https://en.wikipedia.org/?curid=870946
tt0440963,The Bourne Ultimatum,https://en.wikipedia.org/?curid=1854000
tt1194173,The Bourne Legacy,https://en.wikipedia.org/?curid=29270563
tt4196776,Jason Bourne,https://en.wikipedia.org/?curid=43844230
tt0800320,Clash of the Titans,https://en.wikipedia.org/?curid=22358819
tt1646987,Wrath of the Titans,https://en.wikipedia.org/?curid=30470648
tt0373883,Halloween,https://en.wikipedia.org/?curid=3623103
tt0295700,Wrong Turn,https://en.wikipedia.org/?curid=1380847
tt1865567,Wrong Turn 4: Bloody Beginnings,https://en.wikipedia.org/?curid=31296081
tt0822832,Marley & Me,https://en.wikipedia.org/?curid=39718544
tt1014775,Beverly Hills Chihuahua,https://en.wikipedia.org/?curid=11779733
tt0477347,Night at the Museum,https://en.wikipedia.org/?curid=4167411
tt1078912,Night at the Museum: Battle of the Smithsonian,https://en.wikipedia.org/?curid=18764957
tt0038348,Beauty and the Beast,https://en.wikipedia.org/?curid=1226363
tt1661199,Cinderella,https://en.wikipedia.org/?curid=40038204
tt0356470,A Cinderella Story,https://en.wikipedia.org/?curid=466340
tt0357507,Boogeyman,https://en.wikipedia.org/?curid=1469695
tt0900357,Boogeyman 2,https://en.wikipedia.org/?curid=8475191
tt0114194,The Prophecy,https://en.wikipedia.org/?curid=2282187
tt0257076,S.W.A.T.,https://en.wikipedia.org/?curid=781629
tt0075005,The Omen,https://en.wikipedia.org/?curid=186856
tt0077394,Damien: Omen II,https://en.wikipedia.org/?curid=2251161
tt0082377,The Final Conflict,https://en.wikipedia.org/?curid=2474297
tt0462590,Step Up,https://en.wikipedia.org/?curid=5429993
tt1023481,Step Up 2: The Streets,https://en.wikipedia.org/?curid=11222156
tt1193631,Step Up 3D,https://en.wikipedia.org/?curid=22845644
tt1800741,Step Up Revolution,https://en.wikipedia.org/?curid=31795894
tt0087538,The Karate Kid,https://en.wikipedia.org/?curid=91133
tt0091326,The Karate Kid Part II,https://en.wikipedia.org/?curid=1107088
tt0097647,The Karate Kid Part III,https://en.wikipedia.org/?curid=2353104
tt0110657,The Next Karate Kid,https://en.wikipedia.org/?curid=657809
tt0120616,The Mummy,https://en.wikipedia.org/?curid=253828
tt0209163,The Mummy Returns,https://en.wikipedia.org/?curid=957359
tt0859163,The Mummy: Tomb of the Dragon Emperor,https://en.wikipedia.org/?curid=957331
tt0952640,Alvin and the Chipmunks,https://en.wikipedia.org/?curid=11244593
tt1231580,Alvin and the Chipmunks: The Squeakquel,https://en.wikipedia.org/?curid=22937227
tt1615918,Alvin and the Chipmunks: Chipwrecked,https://en.wikipedia.org/?curid=32506361
tt0119675,Mimic,https://en.wikipedia.org/?curid=1168522
tt0101272,The Addams Family,https://en.wikipedia.org/?curid=26742350
tt0106220,Addams Family Values,https://en.wikipedia.org/?curid=876872
tt0108171,Sniper,https://en.wikipedia.org/?curid=410832
tt1571243,Sniper: Reloaded,https://en.wikipedia.org/?curid=30786877
tt1000774,Sex and the City,https://en.wikipedia.org/?curid=13239722
tt1261945,Sex and the City 2,https://en.wikipedia.org/?curid=23091532
tt0110475,The Mask,https://en.wikipedia.org/?curid=1485962
tt0362165,Son of the Mask,https://en.wikipedia.org/?curid=1402997
tt0057413,The Pink Panther,https://en.wikipedia.org/?curid=2609169
tt0838232,The Pink Panther 2,https://en.wikipedia.org/?curid=5278636
tt0102926,The Silence of the Lambs,https://en.wikipedia.org/?curid=30006
tt0212985,Hannibal,https://en.wikipedia.org/?curid=623452
tt0289765,Red Dragon,https://en.wikipedia.org/?curid=698242
tt0367959,Hannibal Rising,https://en.wikipedia.org/?curid=1976777
tt0091474,Manhunter,https://en.wikipedia.org/?curid=600235
tt1179056,A Nightmare on Elm Street,https://en.wikipedia.org/?curid=23286957
tt0101917,Freddy's Dead: The Final Nightmare,https://en.wikipedia.org/?curid=2933385
tt0111686,New Nightmare,https://en.wikipedia.org/?curid=347235
tt0329101,Freddy vs. Jason,https://en.wikipedia.org/?curid=714334
tt0758746,Friday the 13th,https://en.wikipedia.org/?curid=13053911
tt0082418,Friday the 13th Part 2,https://en.wikipedia.org/?curid=2274938
tt0083972,Friday the 13th Part III,https://en.wikipedia.org/?curid=2317340
tt0087298,Friday the 13th: The Final Chapter,https://en.wikipedia.org/?curid=2546429
tt0089173,Friday the 13th: A New Beginning,https://en.wikipedia.org/?curid=2328364
tt0091080,Jason Lives: Friday the 13th Part VI,https://en.wikipedia.org/?curid=2313660
tt0095179,Friday the 13th Part VII: The New Blood,https://en.wikipedia.org/?curid=2546472
tt0097388,Friday the 13th Part VIII: Jason Takes Manhattan,https://en.wikipedia.org/?curid=2351932
tt0107254,Jason Goes to Hell: The Final Friday,https://en.wikipedia.org/?curid=2375811
tt0325980,Pirates of the Caribbean: The Curse of the Black Pearl,https://en.wikipedia.org/?curid=321496
tt0383574,Pirates of the Caribbean: Dead Man's Chest,https://en.wikipedia.org/?curid=999394
tt0449088,Pirates of the Caribbean: At World's End,https://en.wikipedia.org/?curid=1689394
tt1298650,Pirates of the Caribbean: On Stranger Tides,https://en.wikipedia.org/?curid=24314116
tt0146316,Lara Croft: Tomb Raider,https://en.wikipedia.org/?curid=49800
tt0325703,Lara Croft Tomb Raider: The Cradle of Life,https://en.wikipedia.org/?curid=443011
tt0068646,The Godfather,https://en.wikipedia.org/?curid=2466773
tt0071562,The Godfather: Part II,https://en.wikipedia.org/?curid=73875
tt0099674,The Godfather: Part III,https://en.wikipedia.org/?curid=129644
tt0240772,Ocean's Eleven,https://en.wikipedia.org/?curid=2251266
tt0349903,Ocean's Twelve,https://en.wikipedia.org/?curid=1046470
tt0496806,Ocean's Thirteen,https://en.wikipedia.org/?curid=3723947
tt0063442,Planet of the Apes,https://en.wikipedia.org/?curid=18618306
tt0065462,Beneath the Planet of the Apes,https://en.wikipedia.org/?curid=152058
tt0067065,Escape from the Planet of the Apes,https://en.wikipedia.org/?curid=303928
tt0068408,Conquest of the Planet of the Apes,https://en.wikipedia.org/?curid=657159
tt0069768,Battle for the Planet of the Apes,https://en.wikipedia.org/?curid=709860
tt1318514,Rise of the Planet of the Apes,https://en.wikipedia.org/?curid=27279709
tt0349205,Cheaper by the Dozen,https://en.wikipedia.org/?curid=456588
tt0452598,Cheaper by the Dozen 2,https://en.wikipedia.org/?curid=1922815
tt0109040,Ace Ventura: Pet Detective,https://en.wikipedia.org/?curid=336808
tt0112281,Ace Ventura: When Nature Calls,https://en.wikipedia.org/?curid=537416
tt1320253,The Expendables,https://en.wikipedia.org/?curid=20996974
tt1764651,The Expendables 2,https://en.wikipedia.org/?curid=33276254
tt1046173,G.I. Joe: The Rise of Cobra,https://en.wikipedia.org/?curid=13734892
tt1583421,G.I. Joe: Retaliation,https://en.wikipedia.org/?curid=32910742
tt0120390,Turbulence,https://en.wikipedia.org/?curid=2472440
tt0105698,Universal Soldier,https://en.wikipedia.org/?curid=3948455
tt0176269,Universal Soldier: The Return,https://en.wikipedia.org/?curid=4501185
tt1288403,Universal Soldier: Regeneration,https://en.wikipedia.org/?curid=22092460
tt1659343,Universal Soldier: Day of Reckoning,https://en.wikipedia.org/?curid=30951480
tt0190374,Dungeons & Dragons,https://en.wikipedia.org/?curid=619810
tt0406728,Dungeons & Dragons: Wrath of the Dragon God,https://en.wikipedia.org/?curid=619810
tt0127536,Elizabeth,https://en.wikipedia.org/?curid=142461
tt0414055,Elizabeth: The Golden Age,https://en.wikipedia.org/?curid=1027060
tt0241527,Harry Potter and the Sorcerer's Stone,https://en.wikipedia.org/?curid=667361
tt0295297,Harry Potter and the Chamber of Secrets,https://en.wikipedia.org/?curid=667368
tt0304141,Harry Potter and the Prisoner of Azkaban,https://en.wikipedia.org/?curid=667371
tt0330373,Harry Potter and the Goblet of Fire,https://en.wikipedia.org/?curid=667372
tt0373889,Harry Potter and the Order of the Phoenix,https://en.wikipedia.org/?curid=670407
tt0417741,Harry Potter and the Half-Blood Prince,https://en.wikipedia.org/?curid=858575
tt0926084,Harry Potter and the Deathly Hallows: Part 1,https://en.wikipedia.org/?curid=9834441
tt1201607,Harry Potter and the Deathly Hallows: Part 2,https://en.wikipedia.org/?curid=31941988
tt0382625,The Da Vinci Code,https://en.wikipedia.org/?curid=1908238
tt0808151,Angels & Demons,https://en.wikipedia.org/?curid=32711731
tt0092890,Dirty Dancing,https://en.wikipedia.org/?curid=680361
tt0338096,Dirty Dancing: Havana Nights,https://en.wikipedia.org/?curid=1373852
tt0246578,Donnie Darko,https://en.wikipedia.org/?curid=57820
tt1231277,S. Darko,https://en.wikipedia.org/?curid=17346283
tt0259324,Ghost Rider,https://en.wikipedia.org/?curid=2246413
tt1071875,Ghost Rider: Spirit of Vengeance,https://en.wikipedia.org/?curid=29007308
tt0070047,The Exorcist,https://en.wikipedia.org/?curid=725459
tt0076009,Exorcist II: The Heretic,https://en.wikipedia.org/?curid=571383
tt0099528,The Exorcist III,https://en.wikipedia.org/?curid=30873695
tt0204313,Exorcist: The Beginning,https://en.wikipedia.org/?curid=919546
tt0449086,Dominion: Prequel to the Exorcist,https://en.wikipedia.org/?curid=2074089
tt1320244,The Last Exorcism,https://en.wikipedia.org/?curid=26588977
tt0120902,The X Files,https://en.wikipedia.org/?curid=1078863
tt0443701,The X Files: I Want to Believe,https://en.wikipedia.org/?curid=8700683
tt0086425,Terms of Endearment,https://en.wikipedia.org/?curid=113427
tt0366548,Happy Feet,https://en.wikipedia.org/?curid=1499348
tt1402488,Happy Feet Two,https://en.wikipedia.org/?curid=25230514
tt0088011,Romancing the Stone,https://en.wikipedia.org/?curid=578001
tt0089370,The Jewel of the Nile,https://en.wikipedia.org/?curid=2871613
tt0098621,The War of the Roses,https://en.wikipedia.org/?curid=30275589
tt0097778,Look Who's Talking,https://en.wikipedia.org/?curid=846820
tt0100050,Look Who's Talking Too,https://en.wikipedia.org/?curid=997955
tt0107438,Look Who's Talking Now,https://en.wikipedia.org/?curid=4845539
tt0250494,Legally Blonde,https://en.wikipedia.org/?curid=444267
tt0144084,American Psycho,https://en.wikipedia.org/?curid=4846576
tt0274166,Johnny English,https://en.wikipedia.org/?curid=255858
tt1634122,Johnny English Reborn,https://en.wikipedia.org/?curid=28190354
tt0267913,Scooby-Doo,https://en.wikipedia.org/?curid=1072075
tt0331632,Scooby-Doo 2: Monsters Unleashed,https://en.wikipedia.org/?curid=730734
tt0892769,How to Train Your Dragon,https://en.wikipedia.org/?curid=18394730
tt1646971,How to Train Your Dragon 2,https://en.wikipedia.org/?curid=32220715
tt0099785,Home Alone,https://en.wikipedia.org/?curid=216072
tt0104431,Home Alone 2: Lost in New York,https://en.wikipedia.org/?curid=294998
tt0119303,Home Alone 3,https://en.wikipedia.org/?curid=695249
tt0112453,Balto,https://en.wikipedia.org/?curid=1487971
tt0108333,The Three Musketeers,https://en.wikipedia.org/?curid=1962913
tt0073012,The Four Musketeers: Milady's Revenge,https://en.wikipedia.org/?curid=4968653
tt0120812,Rush Hour,https://en.wikipedia.org/?curid=489800
tt0266915,Rush Hour 2,https://en.wikipedia.org/?curid=652539
tt0293564,Rush Hour 3,https://en.wikipedia.org/?curid=2222699
tt0087928,Police Academy,https://en.wikipedia.org/?curid=6043780
tt0089822,Police Academy 2: Their First Assignment,https://en.wikipedia.org/?curid=1107070
tt0091777,Police Academy 3: Back in Training,https://en.wikipedia.org/?curid=3511253
tt0093756,Police Academy 4: Citizens on Patrol,https://en.wikipedia.org/?curid=4485641
tt0095882,Police Academy 5: Assignment: Miami Beach,https://en.wikipedia.org/?curid=1680034
tt0098105,Police Academy 6: City Under Siege,https://en.wikipedia.org/?curid=6043815
tt0110857,Police Academy: Mission to Moscow,https://en.wikipedia.org/?curid=6043918
tt1179904,Paranormal Activity,https://en.wikipedia.org/?curid=24366494
tt1536044,Paranormal Activity 2,https://en.wikipedia.org/?curid=27923824
tt1778304,Paranormal Activity 3,https://en.wikipedia.org/?curid=30695973
tt2109184,Paranormal Activity 4,https://en.wikipedia.org/?curid=34312285
tt0094963,The Dead Pool,https://en.wikipedia.org/?curid=1179278
tt0074483,The Enforcer,https://en.wikipedia.org/?curid=1179213
tt0452608,Death Race,https://en.wikipedia.org/?curid=13255982
tt0480239,Atlas Shrugged: Part I,https://en.wikipedia.org/?curid=9034057
tt1985017,Atlas Shrugged II: The Strike,https://en.wikipedia.org/?curid=34657171
tt0368891,National Treasure,https://en.wikipedia.org/?curid=699208
tt0465234,National Treasure: Book of Secrets,https://en.wikipedia.org/?curid=3710785
tt1119646,The Hangover,https://en.wikipedia.org/?curid=21918632
tt1411697,The Hangover Part II,https://en.wikipedia.org/?curid=23295795
tt1951261,The Hangover Part III,https://en.wikipedia.org/?curid=35300735
tt0205000,Deuce Bigalow: Male Gigolo,https://en.wikipedia.org/?curid=1735236
tt0367652,Deuce Bigalow: European Gigolo,https://en.wikipedia.org/?curid=2338993
tt0317248,City of God,https://en.wikipedia.org/?curid=461322
tt0870090,Cidade dos Homens,https://en.wikipedia.org/?curid=17903453
tt0796366,Star Trek,https://en.wikipedia.org/?curid=3071743
tt1408101,Star Trek Into Darkness,https://en.wikipedia.org/?curid=33785882
tt1250777,Kick-Ass,https://en.wikipedia.org/?curid=21282769
tt1650554,Kick-Ass 2,https://en.wikipedia.org/?curid=37086759
tt1245526,RED,https://en.wikipedia.org/?curid=25854460
tt1821694,RED 2,https://en.wikipedia.org/?curid=33651094
tt0134119,The Talented Mr. Ripley,https://en.wikipedia.org/?curid=536009
tt0265651,Ripley's Game,https://en.wikipedia.org/?curid=5823793
tt0082340,Escape from New York,https://en.wikipedia.org/?curid=9835
tt0116225,Escape from L.A.,https://en.wikipedia.org/?curid=699609
tt0104692,The Lawnmower Man,https://en.wikipedia.org/?curid=672934
tt0116839,Lawnmower Man 2: Beyond Cyberspace,https://en.wikipedia.org/?curid=7596042
tt0097523,Honey I Shrunk the Kids,https://en.wikipedia.org/?curid=1032620
tt0104437,Honey I Blew Up the Kid,https://en.wikipedia.org/?curid=924799
tt0322589,Honey,https://en.wikipedia.org/?curid=537200
tt1657283,Honey 2,https://en.wikipedia.org/?curid=27496488
tt0155975,Psycho,https://en.wikipedia.org/?curid=4578695
tt0086154,Psycho II,https://en.wikipedia.org/?curid=2097287
tt0106950,Fortress,https://en.wikipedia.org/?curid=2199665
tt0179183,Fortress 2,https://en.wikipedia.org/?curid=5179911
tt0275847,Lilo & Stitch,https://en.wikipedia.org/?curid=924564
tt0212346,Miss Congeniality,https://en.wikipedia.org/?curid=19715
tt0385307,Miss Congeniality 2: Armed and Fabulous,https://en.wikipedia.org/?curid=1744593
tt0114367,Screamers,https://en.wikipedia.org/?curid=1011439
tt0343818,"I,Robot",https://en.wikipedia.org/?curid=564947
tt0480249,I Am Legend,https://en.wikipedia.org/?curid=6641931
tt0988045,Sherlock Holmes,https://en.wikipedia.org/?curid=19596597
tt1515091,Sherlock Holmes: A Game of Shadows,https://en.wikipedia.org/?curid=25793288
tt0079945,Star Trek: The Motion Picture,https://en.wikipedia.org/?curid=277006
tt0084726,Star Trek II: The Wrath of Khan,https://en.wikipedia.org/?curid=27098
tt0088170,Star Trek III: The Search for Spock,https://en.wikipedia.org/?curid=206879
tt0092007,Star Trek IV: The Voyage Home,https://en.wikipedia.org/?curid=88609
tt0098382,Star Trek V: The Final Frontier,https://en.wikipedia.org/?curid=145359
tt0102975,Star Trek VI: The Undiscovered Country,https://en.wikipedia.org/?curid=161190
tt0111280,Star Trek: Generations,https://en.wikipedia.org/?curid=27079
tt0117731,Star Trek: First Contact,https://en.wikipedia.org/?curid=27097
tt0120844,Star Trek: Insurrection,https://en.wikipedia.org/?curid=157239
tt0253754,Star Trek: Nemesis,https://en.wikipedia.org/?curid=156774
tt0103772,Basic Instinct,https://en.wikipedia.org/?curid=481649
tt0430912,Basic Instinct 2,https://en.wikipedia.org/?curid=1977174
tt1156466,Undisputed 3: Redemption,https://en.wikipedia.org/?curid=27428503
tt1174954,Resident Evil: Degeneration,https://en.wikipedia.org/?curid=14726855
tt1753496,Resident Evil: Damnation,https://en.wikipedia.org/?curid=28823872
tt0948470,The Amazing Spider-Man,https://en.wikipedia.org/?curid=25862453
tt1872181,The Amazing Spider-Man 2,https://en.wikipedia.org/?curid=35625166
tt1323594,Despicable Me,https://en.wikipedia.org/?curid=23614710
tt1690953,Despicable Me 2,https://en.wikipedia.org/?curid=30069822
tt1232829,21 Jump Street,https://en.wikipedia.org/?curid=33509716
tt2294449,22 Jump Street,https://en.wikipedia.org/?curid=39591044
tt0115571,The Arrival,https://en.wikipedia.org/?curid=4260551
tt1568346,The Girl with the Dragon Tattoo,https://en.wikipedia.org/?curid=28387289
tt1216487,The Girl Who Played with Fire,https://en.wikipedia.org/?curid=24154924
tt1343097,The Girl Who Kicked the Hornet's Nest,https://en.wikipedia.org/?curid=24155032
tt0369226,Alone in the Dark,https://en.wikipedia.org/?curid=690993
tt0383222,BloodRayne,https://en.wikipedia.org/?curid=2278569
tt0460780,In the Name of the King: A Dungeon Siege Tale,https://en.wikipedia.org/?curid=2626454
tt0123755,Cube,https://en.wikipedia.org/?curid=376485
tt1928330,Bad Ass,https://en.wikipedia.org/?curid=34181242
tt1160368,12 Rounds,https://en.wikipedia.org/?curid=15169291
tt1591095,Insidious,https://en.wikipedia.org/?curid=27645834
tt2226417,Insidious: Chapter 2,https://en.wikipedia.org/?curid=38350958
tt3195644,Insidious: Chapter 3,https://en.wikipedia.org/?curid=42695673
tt1470827,Monsters,https://en.wikipedia.org/?curid=27602393
tt1935302,Monsters: Dark Continent,https://en.wikipedia.org/?curid=39582058
tt1840309,Divergent,https://en.wikipedia.org/?curid=36483433
tt2908446,Insurgent,https://en.wikipedia.org/?curid=44383992
tt3410834,Allegiant,https://en.wikipedia.org/?curid=43117035
tt1490017,The Lego Movie,https://en.wikipedia.org/?curid=37864037
tt1596365,The Woman in Black,https://en.wikipedia.org/?curid=28250083
tt2339741,The Woman in Black 2: Angel of Death,https://en.wikipedia.org/?curid=36132074
tt1740047,The Trip,https://en.wikipedia.org/?curid=32130401
tt2967006,The Trip to Italy,https://en.wikipedia.org/?curid=42664694
tt0168501,The Best Man,https://en.wikipedia.org/?curid=2880425
tt2083355,The Best Man Holiday,https://en.wikipedia.org/?curid=38856361
tt0055254,101 Dalmatians,https://en.wikipedia.org/?curid=179351
tt0211181,102 Dalmatians,https://en.wikipedia.org/?curid=1682418
tt0091431,Armour of God ,https://en.wikipedia.org/?curid=652437
tt0099558,Armour of God 2: Operation Condor,https://en.wikipedia.org/?curid=652445
tt0089374,Police Story,https://en.wikipedia.org/?curid=665867
tt0095403,Police Story 2,https://en.wikipedia.org/?curid=2768565
tt0104558,Supercop,https://en.wikipedia.org/?curid=1024792
tt2599716,Police Story: Lockdown,https://en.wikipedia.org/?curid=39705227
tt0116704,Police Story 4: First Strike,https://en.wikipedia.org/?curid=2695729
tt0112471,Before Sunrise,https://en.wikipedia.org/?curid=805053
tt0381681,Before Sunset,https://en.wikipedia.org/?curid=805120
tt2209418,Before Midnight,https://en.wikipedia.org/?curid=36929245
tt2109248,Transformers: Age of Extinction,https://en.wikipedia.org/?curid=32338015
tt0100758,Teenage Mutant Ninja Turtles,https://en.wikipedia.org/?curid=2323962
tt3949660,Teenage Mutant Ninja Turtles: Out of the Shadows,https://en.wikipedia.org/?curid=43643947
tt1392170,The Hunger Games,https://en.wikipedia.org/?curid=31186339
tt1951264,The Hunger Games: Catching Fire,https://en.wikipedia.org/?curid=36012788
tt1951265,The Hunger Games: Mockingjay - Part 1,https://en.wikipedia.org/?curid=39526507
tt1951266,The Hunger Games: Mockingjay - Part 2,https://en.wikipedia.org/?curid=39526515
tt1204342,The Muppets,https://en.wikipedia.org/?curid=29370106
tt2281587,Muppets Most Wanted,https://en.wikipedia.org/?curid=38267543
tt0079588,The Muppet Movie,https://en.wikipedia.org/?curid=876728
tt0087755,The Muppets Take Manhattan,https://en.wikipedia.org/?curid=1099178
tt0082474,The Great Muppet Caper,https://en.wikipedia.org/?curid=1458713
tt0158811,Muppets from Space,https://en.wikipedia.org/?curid=1458772
tt0378109,Into the Blue,https://en.wikipedia.org/?curid=2184642
tt1499658,Horrible Bosses,https://en.wikipedia.org/?curid=28386410
tt2170439,Horrible Bosses 2,https://en.wikipedia.org/?curid=39518188
tt0109686,Dumb and Dumber,https://en.wikipedia.org/?curid=737803
tt0329028,Dumb and Dumberer: When Harry Met Lloyd,https://en.wikipedia.org/?curid=1236447
tt2096672,Dumb and Dumber To,https://en.wikipedia.org/?curid=38739310
tt0435625,The Descent,https://en.wikipedia.org/?curid=2253390
tt1073105,The Descent: Part 2,https://en.wikipedia.org/?curid=6265220
tt1082868,Quarantine,https://en.wikipedia.org/?curid=16794053
tt1699231,Quarantine 2: Terminal,https://en.wikipedia.org/?curid=31093623
tt0082010,An American Werewolf in London,https://en.wikipedia.org/?curid=471370
tt0118604,An American Werewolf in Paris,https://en.wikipedia.org/?curid=737840
tt0080455,The Blues Brothers,https://en.wikipedia.org/?curid=4558294
tt0118747,Blues Brothers 2000,https://en.wikipedia.org/?curid=238906
tt1438176,Fright Night,https://en.wikipedia.org/?curid=27756811
tt0097390,Fright Night Part 2,https://en.wikipedia.org/?curid=2203406
tt0094862,Child's Play,https://en.wikipedia.org/?curid=534792
tt0099253,Child's Play 2,https://en.wikipedia.org/?curid=534812
tt0103956,Child's Play 3,https://en.wikipedia.org/?curid=534778
tt0790686,Mirrors,https://en.wikipedia.org/?curid=19958360
tt0464154,Piranha 3D,https://en.wikipedia.org/?curid=19942818
tt1714203,Piranha 3DD,https://en.wikipedia.org/?curid=31879136
tt0077681,The Hills Have Eyes,https://en.wikipedia.org/?curid=1570843
tt0800069,The Hills Have Eyes II,https://en.wikipedia.org/?curid=4913527
tt0844479,The Collector,https://en.wikipedia.org/?curid=23576946
tt1748227,The Collection,https://en.wikipedia.org/?curid=33336349
tt0068931,The Mechanic,https://en.wikipedia.org/?curid=3479775
tt3522806,Mechanic: Resurrection,https://en.wikipedia.org/?curid=44338479
tt1637725,Ted,https://en.wikipedia.org/?curid=31201599
tt2637276,Ted 2,https://en.wikipedia.org/?curid=37584615
tt1029360,Poltergeist,https://en.wikipedia.org/?curid=39826333
tt0091778,Poltergeist II: The Other Side,https://en.wikipedia.org/?curid=7051746
tt0095889,Poltergeist III,https://en.wikipedia.org/?curid=3316533
tt1790864,The Maze Runner,https://en.wikipedia.org/?curid=39321668
tt4046784,Maze Runner: The Scorch Trials,https://en.wikipedia.org/?curid=43716131
tt0109445,Clerks,https://en.wikipedia.org/?curid=200694
tt0424345,Clerks II,https://en.wikipedia.org/?curid=1283050
tt0903624,The Hobbit: An Unexpected Journey,https://en.wikipedia.org/?curid=36914424
tt1170358,The Hobbit: The Desolation of Smaug,https://en.wikipedia.org/?curid=36887547
tt2310332,The Hobbit: The Battle of the Five Armies,https://en.wikipedia.org/?curid=42573309
tt0837562,Hotel Transylvania,https://en.wikipedia.org/?curid=31327794
tt2510894,Hotel Transylvania 2,https://en.wikipedia.org/?curid=39708627
tt0094291,Wall Street,https://en.wikipedia.org/?curid=58865
tt1027718,Wall Street: Money Never Sleeps,https://en.wikipedia.org/?curid=22637915
tt0058461,A Fistful of Dollars,https://en.wikipedia.org/?curid=441926
tt0059578,For a Few Dollars More,https://en.wikipedia.org/?curid=442300
tt0060196,"The Good, the Bad and the Ugly",https://en.wikipedia.org/?curid=31557
tt0266543,Finding Nemo,https://en.wikipedia.org/?curid=239587
tt2277860,Finding Dory,https://en.wikipedia.org/?curid=38992103
tt0103759,Bad Lieutenant,https://en.wikipedia.org/?curid=1238102
tt1095217,Bad Lieutenant: Port of Call New Orleans,https://en.wikipedia.org/?curid=18634533
tt0936501,Taken,https://en.wikipedia.org/?curid=15593618
tt1397280,Taken 2,https://en.wikipedia.org/?curid=35874076
tt2446042,Taken 3,https://en.wikipedia.org/?curid=38964482
tt0085127,Project A,https://en.wikipedia.org/?curid=652432
tt0092501,Project A 2,https://en.wikipedia.org/?curid=4467106
tt2302755,Olympus Has Fallen,https://en.wikipedia.org/?curid=37052715
tt3300542,London Has Fallen,https://en.wikipedia.org/?curid=43222494
tt0259446,My Big Fat Greek Wedding,https://en.wikipedia.org/?curid=431333
tt3760922,My Big Fat Greek Wedding 2,https://en.wikipedia.org/?curid=46769739
tt0770828,Man of Steel,https://en.wikipedia.org/?curid=31316475
tt2975590,Batman v Superman: Dawn of Justice,https://en.wikipedia.org/?curid=2619910
tt0118661,The Avengers,https://en.wikipedia.org/?curid=633411
tt2395427,Avengers: Age of Ultron,https://en.wikipedia.org/?curid=36484254
tt0800369,Thor,https://en.wikipedia.org/?curid=12673434
tt1981115,Thor: The Dark World,https://en.wikipedia.org/?curid=32267545
tt0458339,Captain America: The First Avenger,https://en.wikipedia.org/?curid=26999426
tt1843866,Captain America: The Winter Soldier,https://en.wikipedia.org/?curid=36439749
tt3498820,Captain America: Civil War,https://en.wikipedia.org/?curid=41974496
tt1431045,Deadpool,https://en.wikipedia.org/?curid=43867095
tt1457767,The Conjuring,https://en.wikipedia.org/?curid=37671451
tt3065204,The Conjuring 2,https://en.wikipedia.org/?curid=43360594
tt0196229,Zoolander,https://en.wikipedia.org/?curid=305909
tt1608290,Zoolander 2,https://en.wikipedia.org/?curid=46405518
tt1014759,Alice in Wonderland,https://en.wikipedia.org/?curid=14482638
tt2567026,Alice Through the Looking Glass,https://en.wikipedia.org/?curid=43472499
tt0116629,Independence Day,https://en.wikipedia.org/?curid=52389
tt1628841,Independence Day: Resurgence,https://en.wikipedia.org/?curid=44523855
tt1386697,Suicide Squad,https://en.wikipedia.org/?curid=43884887
tt1336006,The Revenant,https://en.wikipedia.org/?curid=22771725
tt2975590,Batman v Superman,https://en.wikipedia.org/?curid=2619910
tt1211837,Doctor Strange,https://en.wikipedia.org/?curid=54316301
tt2277860,Finding Dory,https://en.wikipedia.org/?curid=38992103
tt2948356,Zootopia,https://en.wikipedia.org/?curid=42089078
tt2119532,Hacksaw Ridge,https://en.wikipedia.org/?curid=44490039
tt0369610,Jurassic World,https://en.wikipedia.org/?curid=2615708
tt2179136,American Sniper,https://en.wikipedia.org/?curid=39462431
tt2322441,Fifty Shade of Grey,https://en.wikipedia.org/?curid=40218034
tt2293640,Minions,https://en.wikipedia.org/?curid=38645474
tt2379713,Spectre,https://en.wikipedia.org/?curid=44853982
tt1398426,Straight Outta Compton,https://en.wikipedia.org/?curid=43108238
tt0079501,Mad Max,https://en.wikipedia.org/?curid=255898
tt2096673,Inside Out,https://en.wikipedia.org/?curid=38751266
tt2294629,Frozen,https://en.wikipedia.org/?curid=34164547
tt0816692,Interstellar,https://en.wikipedia.org/?curid=6009939
tt2267998,Gone Girl,https://en.wikipedia.org/?curid=39507756
tt1091191,Lone Survivor,https://en.wikipedia.org/?curid=38927316
tt0831387,Godzilla,https://en.wikipedia.org/?curid=36101762
tt2245084,Big Hero Six,https://en.wikipedia.org/?curid=39345917
tt3322940,Annabelle,https://en.wikipedia.org/?curid=41815356
tt1587310,Maleficent,https://en.wikipedia.org/?curid=36127934
tt0770828,Man of Steel,https://en.wikipedia.org/?curid=31316475
tt0816711,World War Z,https://en.wikipedia.org/?curid=32314211
tt1853728,Django Unchained,https://en.wikipedia.org/?curid=31638720
tt1454468,Gravity,https://en.wikipedia.org/?curid=30294906
tt2024544,12 Years a Slave,https://en.wikipedia.org/?curid=37125755
tt0119683,Les Misérables,https://en.wikipedia.org/?curid=1743227
tt1024648,Argo,https://en.wikipedia.org/?curid=33028800
tt1446714,Prometheus,https://en.wikipedia.org/?curid=31775043
tt1915581,Magic Mike,https://en.wikipedia.org/?curid=5920611
tt1606389,The Vow,https://en.wikipedia.org/?curid=29462138
tt0046435,Titanic,https://en.wikipedia.org/?curid=1203778
tt0032138,The Wizard of Oz,https://en.wikipedia.org/?curid=561315
tt0029583,Snow White and the Seven Dwarfs,https://en.wikipedia.org/?curid=76361
tt0110357,The Lion King,https://en.wikipedia.org/?curid=88678
tt0111161,The Shawshank Redemption,https://en.wikipedia.org/?curid=30625
tt0073195,Jaws,https://en.wikipedia.org/?curid=74830
tt0137523,Fight Club,https://en.wikipedia.org/?curid=1009041
tt0110912,Pulp Fiction,https://en.wikipedia.org/?curid=54173
tt0109830,Forrest Gump,https://en.wikipedia.org/?curid=41528
tt0126029,Shrek,https://en.wikipedia.org/?curid=18717177
tt0033467,Citizen Kane,https://en.wikipedia.org/?curid=5224
tt0059742,The Sound of Music,https://en.wikipedia.org/?curid=4836239
tt0052618,Ben-Hur,https://en.wikipedia.org/?curid=1343342
tt0031381,Gone with the Wind,https://en.wikipedia.org/?curid=2804704
tt0120815,Saving Private Ryan,https://en.wikipedia.org/?curid=28269
tt0317248,City of God,https://en.wikipedia.org/?curid=461322
tt0112573,Braveheart,https://en.wikipedia.org/?curid=4560
tt0038650,Its a Wonderful Life,https://en.wikipedia.org/?curid=60164
tt0023427,Scarface,https://en.wikipedia.org/?curid=76331
tt0047478,Seven Samurai,https://en.wikipedia.org/?curid=31371
tt0034583,Casablanca,https://en.wikipedia.org/?curid=57585
tt0172495,Gladiator,https://en.wikipedia.org/?curid=3616797
tt0049833,The Ten Commandments,https://en.wikipedia.org/?curid=76383
tt0077631,Grease,https://en.wikipedia.org/?curid=336846
tt0314331,Love Actually,https://en.wikipedia.org/?curid=370064
tt0058331,Mary Poppins,https://en.wikipedia.org/?curid=77856
tt0089218,The Goonies,https://en.wikipedia.org/?curid=89631
tt0319343,Elf,https://en.wikipedia.org/?curid=448735
tt0499549,Avatar,https://en.wikipedia.org/?curid=4273140
tt0079470,Life of Brian,https://en.wikipedia.org/?curid=17920
tt0099487,Edward Scissorhands,https://en.wikipedia.org/?curid=302970
tt0107048,Groundhog Day,https://en.wikipedia.org/?curid=142327
tt0075148,Rocky,https://en.wikipedia.org/?curid=45772
tt0377092,Mean Girls,https://en.wikipedia.org/?curid=10565718
tt0063518,Romeo and Juliet,https://en.wikipedia.org/?curid=99025
tt0117509,Romeo + Juliet,https://en.wikipedia.org/?curid=912854
tt0055254,101 Dalmatians,https://en.wikipedia.org/?curid=179351
tt2488496,Star Wars: Episode VII - The Force Awakens,https://en.wikipedia.org/?curid=14723194
tt0499549,Avatar,https://en.wikipedia.org/?curid=4273140
tt0046435,Titanic,https://en.wikipedia.org/?curid=1203778
tt0369610,Jurassic World,https://en.wikipedia.org/?curid=2615708
tt0038348,Beauty and the Beast,https://en.wikipedia.org/?curid=1226363
tt0110357,The Lion King,https://en.wikipedia.org/?curid=88678
tt2294629,Frozen,https://en.wikipedia.org/?curid=34164547
tt2709768,The Secret Life of Pets,https://en.wikipedia.org/?curid=45111773
tt0110213,The Jungle Book,https://en.wikipedia.org/?curid=726161
tt1431045,Deadpool,https://en.wikipedia.org/?curid=43867095
tt2096673,Inside Out,https://en.wikipedia.org/?curid=38751266
tt2179136,American Sniper,https://en.wikipedia.org/?curid=39462431
tt1014759,Alice in Wonderland,https://en.wikipedia.org/?curid=14482638
tt1074638,Skyfall,https://en.wikipedia.org/?curid=33335392
tt0167404,The Sixth Sense,https://en.wikipedia.org/?curid=30582
tt1119646,The Hangover,https://en.wikipedia.org/?curid=21918632
tt3470600,Sing,https://en.wikipedia.org/?curid=47415762
tt0317705,The Incredibles,https://en.wikipedia.org/?curid=565879
tt0170016,Dr. Seuss How the Grinch Stole Christmas,https://en.wikipedia.org/?curid=4867859
tt0480249,I Am Legend,https://en.wikipedia.org/?curid=6641931
tt0878804,The Blind Side,https://en.wikipedia.org/?curid=22729553
tt1375666,Inception,https://en.wikipedia.org/?curid=23270459
tt0114369,Se7en,https://en.wikipedia.org/?curid=206818
tt0361748,Inglourious Basterds,https://en.wikipedia.org/?curid=633052
tt0407887,The Departed,https://en.wikipedia.org/?curid=1349086
tt0482571,The Prestige,https://en.wikipedia.org/?curid=2809621
tt0209144,Memento,https://en.wikipedia.org/?curid=2750041
tt0169547,American Beauty,https://en.wikipedia.org/?curid=44122
tt0993846,The Wolf of Wall Street,https://en.wikipedia.org/?curid=36196361
tt1130884,Shutter Island,https://en.wikipedia.org/?curid=13950959
tt0120689,The Green Mile,https://en.wikipedia.org/?curid=946164
tt0434409,V for Vendetta,https://en.wikipedia.org/?curid=1891886
tt0120586,American History X,https://en.wikipedia.org/?curid=171562
tt0114814,The Usual Suspects,https://en.wikipedia.org/?curid=167857
tt0110413,Léon: The Professional,https://en.wikipedia.org/?curid=40672
tt0099685,Goodfellas,https://en.wikipedia.org/?curid=64394
tt0910970,WALL·E,https://en.wikipedia.org/?curid=8980330
tt0120382,The Truman Show,https://en.wikipedia.org/?curid=232711
tt0338013,Eternal Sunshine of the Spotless Mind,https://en.wikipedia.org/?curid=537024
tt0105236,Reservoir Dogs,https://en.wikipedia.org/?curid=297111
tt0401792,Sin City,https://en.wikipedia.org/?curid=1336308
tt1010048,Slumdog Millionaire,https://en.wikipedia.org/?curid=15233369
tt0477348,No Country for Old Men,https://en.wikipedia.org/?curid=3920193
tt0081505,The Shining,https://en.wikipedia.org/?curid=1186616
tt0119217,Good Will Hunting,https://en.wikipedia.org/?curid=142456
tt0208092,Snatch,https://en.wikipedia.org/?curid=707808
tt0180093,Requiem for a Dream,https://en.wikipedia.org/?curid=23830211
tt1119646,The Hangover,https://en.wikipedia.org/?curid=21918632
tt0066921,A Clockwork Orange,https://en.wikipedia.org/?curid=1659954
tt1205489,Gran Torino,https://en.wikipedia.org/?curid=17016725
tt0264464,Catch Me If You Can,https://en.wikipedia.org/?curid=215873
tt0947798,Black Swan,https://en.wikipedia.org/?curid=24480838
tt0211915,Amélie,https://en.wikipedia.org/?curid=44302
tt1045658,Silver Linings Playbook,https://en.wikipedia.org/?curid=33502433
tt1675434,The Intouchables,https://en.wikipedia.org/?curid=33590333
tt3659388,The Martian,https://en.wikipedia.org/?curid=43683268
tt1136608,District 9,https://en.wikipedia.org/?curid=20777420
tt0075314,Taxi Driver,https://en.wikipedia.org/?curid=30000
tt1074638,Skyfall,https://en.wikipedia.org/?curid=33335392
tt0117951,Trainspotting,https://en.wikipedia.org/?curid=105434
tt1285016,The Social Network,https://en.wikipedia.org/?curid=24319139
tt0382932,Ratatouille,https://en.wikipedia.org/?curid=14941280
tt0988045,Sherlock Holmes,https://en.wikipedia.org/?curid=19596597
tt0457430,Pans Labyrinth,https://en.wikipedia.org/?curid=3261733
tt0083658,Blade Runner,https://en.wikipedia.org/?curid=3746
tt0061452,Casino Royale,https://en.wikipedia.org/?curid=2461592
tt0050083,12 Angry Men,https://en.wikipedia.org/?curid=92605
tt0114746,Twelve Monkeys,https://en.wikipedia.org/?curid=30575
tt0116282,Fargo,https://en.wikipedia.org/?curid=142430
tt0078788,Apocalypse Now,https://en.wikipedia.org/?curid=18951054
tt2582802,Whiplash,https://en.wikipedia.org/?curid=41684727
tt1631867,Edge of Tomorrow,https://en.wikipedia.org/?curid=37098299
tt0454876,Life of Pi,https://en.wikipedia.org/?curid=30952655
tt0780504,Drive,https://en.wikipedia.org/?curid=30273553
tt0118799,Life Is Beautiful,https://en.wikipedia.org/?curid=142463
tt0245429,Spirited Away,https://en.wikipedia.org/?curid=70091
tt0113277,Heat,https://en.wikipedia.org/?curid=43566
tt1250777,Kick-Ass,https://en.wikipedia.org/?curid=21282769
tt1276104,Looper,https://en.wikipedia.org/?curid=27383563
tt0829482,Superbad,https://en.wikipedia.org/?curid=6254878
tt1392214,Prisoners,https://en.wikipedia.org/?curid=38703518
tt0467406,Juno,https://en.wikipedia.org/?curid=11862690
tt0181689,Minority Report,https://en.wikipedia.org/?curid=142049
tt0162222,Cast Away,https://en.wikipedia.org/?curid=44501
tt0365748,Shaun of the Dead,https://en.wikipedia.org/?curid=598397
tt0409459,Watchmen,https://en.wikipedia.org/?curid=5016250
tt1156398,Zombieland,https://en.wikipedia.org/?curid=21835208
tt0945513,Source Code,https://en.wikipedia.org/?curid=25920477
tt0095953,Rain Man,https://en.wikipedia.org/?curid=129368
tt0469494,There Will Be Blood,https://en.wikipedia.org/?curid=3213691
tt1663662,Pacific Rim,https://en.wikipedia.org/?curid=32112949
tt1570728,"Crazy, Stupid, Love.",https://en.wikipedia.org/?curid=28880684
tt0206634,Children of Men,https://en.wikipedia.org/?curid=3793631
tt0375679,Crash,https://en.wikipedia.org/?curid=1749535
tt0449059,Little Miss Sunshine,https://en.wikipedia.org/?curid=7047921
tt0425112,Hot Fuzz,https://en.wikipedia.org/?curid=3006708
tt0057012,Dr. Strangelove or: How I Learned to Stop Worrying and Love the Bomb,https://en.wikipedia.org/?curid=8695
tt0319061,Big Fish,https://en.wikipedia.org/?curid=431014
tt0119116,The Fifth Element,https://en.wikipedia.org/?curid=143809
tt0112641,Casino,https://en.wikipedia.org/?curid=695780
tt0327056,Mystic River,https://en.wikipedia.org/?curid=460052
tt0790636,Dallas Buyers Club,https://en.wikipedia.org/?curid=37617614
tt0887912,The Hurt Locker,https://en.wikipedia.org/?curid=16733548
tt0407304,War of the Worlds,https://en.wikipedia.org/?curid=535335
tt1568346,The Girl with the Dragon Tattoo,https://en.wikipedia.org/?curid=28387289
tt2543164,Arrival,https://en.wikipedia.org/?curid=43991244
tt0830515,Quantum of Solace,https://en.wikipedia.org/?curid=2969247
tt1535109,Captain Phillips,https://en.wikipedia.org/?curid=37671576
tt3460252,The Hateful Eight,https://en.wikipedia.org/?curid=43308964
tt1979320,Rush,https://en.wikipedia.org/?curid=35460624
tt0047396,Rear Window,https://en.wikipedia.org/?curid=74577
tt0335266,Lost in Translation,https://en.wikipedia.org/?curid=369682
tt2103281,Dawn of the Planet of the Apes,https://en.wikipedia.org/?curid=36023964
tt0765429,American Gangster,https://en.wikipedia.org/?curid=5017604
tt0360717,King Kong,https://en.wikipedia.org/?curid=473086
tt0325710,The Last Samurai,https://en.wikipedia.org/?curid=228274
tt2872718,Nightcrawler,https://en.wikipedia.org/?curid=40867822
tt0217505,Gangs of New York,https://en.wikipedia.org/?curid=188902
tt0443706,Zodiac,https://en.wikipedia.org/?curid=2654186
tt0405422,The 40-Year-Old Virgin,https://en.wikipedia.org/?curid=2021400
tt2911666,John Wick,https://en.wikipedia.org/?curid=41418399
tt1245492,This Is the End,https://en.wikipedia.org/?curid=35056679
tt0139654,Training Day,https://en.wikipedia.org/?curid=171623
tt0780536,In Bruges,https://en.wikipedia.org/?curid=9541497
tt1605783,Midnight in Paris,https://en.wikipedia.org/?curid=27070440
tt0289043,28 Days Later...,https://en.wikipedia.org/?curid=145892
tt1060277,Cloverfield,https://en.wikipedia.org/?curid=12064359
tt0093779,The Princess Bride,https://en.wikipedia.org/?curid=31153
tt1084972,Wanted,https://en.wikipedia.org/?curid=12498208
tt0091763,Platoon,https://en.wikipedia.org/?curid=113460
tt0478311,Knocked Up,https://en.wikipedia.org/?curid=4295195
tt0265086,Black Hawk Down,https://en.wikipedia.org/?curid=106328
tt0093773,Predator,https://en.wikipedia.org/?curid=230481
tt0369339,Collateral,https://en.wikipedia.org/?curid=826409
tt1596343,Fast Five,https://en.wikipedia.org/?curid=28085067
tt0070047,The Exorcist,https://en.wikipedia.org/?curid=725459
tt1210166,Moneyball,https://en.wikipedia.org/?curid=27891311
tt0105695,Unforgiven,https://en.wikipedia.org/?curid=133574
tt0119094,Face/Off,https://en.wikipedia.org/?curid=648921
tt1259521,The Cabin in the Woods,https://en.wikipedia.org/?curid=12925911
tt1282140,Easy A,https://en.wikipedia.org/?curid=23438736
tt0840361,The Town,https://en.wikipedia.org/?curid=24228929
tt0097165,Dead Poets Society,https://en.wikipedia.org/?curid=129493
tt1542344,127 Hours,https://en.wikipedia.org/?curid=25244870
tt0446029,Scott Pilgrim vs. the World,https://en.wikipedia.org/?curid=17574075
tt0086879,Amadeus,https://en.wikipedia.org/?curid=1065214
tt0092005,Stand by Me,https://en.wikipedia.org/?curid=87983
tt0964517,The Fighter,https://en.wikipedia.org/?curid=23652051
tt1065073,Boyhood,https://en.wikipedia.org/?curid=11055577
tt0454848,Inside Man,https://en.wikipedia.org/?curid=3592692
tt0230600,The Others,https://en.wikipedia.org/?curid=1267713
tt1306980,50/50,https://en.wikipedia.org/?curid=28150124
tt0357413,Anchorman: The Legend of Ron Burgundy,https://en.wikipedia.org/?curid=709490
tt0395169,Hotel Rwanda,https://en.wikipedia.org/?curid=1102282
tt2294449,22 Jump Street,https://en.wikipedia.org/?curid=39591044
tt0110475,The Mask,https://en.wikipedia.org/?curid=1485962
tt0103639,Aladdin,https://en.wikipedia.org/?curid=73170
tt0162661,Sleepy Hollow,https://en.wikipedia.org/?curid=55601
tt0328107,Man on Fire,https://en.wikipedia.org/?curid=525305
tt1193138,Up in the Air,https://en.wikipedia.org/?curid=23810915
tt0338751,The Aviator,https://en.wikipedia.org/?curid=1141438
tt0405094,The Lives of Others,https://en.wikipedia.org/?curid=5454803
tt1182345,Moon,https://en.wikipedia.org/?curid=20348262
tt0088847,The Breakfast Club,https://en.wikipedia.org/?curid=29943
tt0111257,Speed,https://en.wikipedia.org/?curid=99123
tt0118971,The Devils Advocate,https://en.wikipedia.org/?curid=673274
tt0388795,Brokeback Mountain,https://en.wikipedia.org/?curid=1623960
tt0217869,Unbreakable,https://en.wikipedia.org/?curid=32252
tt0212338,Meet the Parents,https://en.wikipedia.org/?curid=695023
tt1895587,Spotlight,https://en.wikipedia.org/?curid=43842546
tt0052357,Vertigo,https://en.wikipedia.org/?curid=76617
tt0462538,The Simpsons Movie,https://en.wikipedia.org/?curid=1424178
tt1490017,The Lego Movie,https://en.wikipedia.org/?curid=37864037
tt3783958,La La Land,https://en.wikipedia.org/?curid=47204682
tt0120601,Being John Malkovich,https://en.wikipedia.org/?curid=349941
tt0363163,Downfall,https://en.wikipedia.org/?curid=993791
tt0887883,Burn After Reading,https://en.wikipedia.org/?curid=8344046
tt1125849,The Wrestler,https://en.wikipedia.org/?curid=15122117
tt0970179,Hugo,https://en.wikipedia.org/?curid=12767159
tt0399295,Lord of War,https://en.wikipedia.org/?curid=2643692
tt0167190,Hellboy,https://en.wikipedia.org/?curid=5292920
tt0065126,True Grit,https://en.wikipedia.org/?curid=161912
tt1748122,Moonrise Kingdom,https://en.wikipedia.org/?curid=31462588
tt0449467,Babel,https://en.wikipedia.org/?curid=3060756
tt0119396,Jackie Brown,https://en.wikipedia.org/?curid=394792
tt0100802,Total Recall,https://en.wikipedia.org/?curid=55325
tt0379786,Serenity,https://en.wikipedia.org/?curid=504242
tt0110148,Interview with the Vampire: The Vampire Chronicles,https://en.wikipedia.org/?curid=3239688
tt0081398,Raging Bull,https://en.wikipedia.org/?curid=25506
tt0175880,Magnolia,https://en.wikipedia.org/?curid=231829
tt0077416,The Deer Hunter,https://en.wikipedia.org/?curid=73425
tt0472043,Apocalypto,https://en.wikipedia.org/?curid=2308701
tt3397884,Sicario,https://en.wikipedia.org/?curid=43221463
tt0119698,Princess Mononoke,https://en.wikipedia.org/?curid=24653
tt0120663,Eyes Wide Shut,https://en.wikipedia.org/?curid=9979
tt0190590,"O Brother, Where Art Thou?",https://en.wikipedia.org/?curid=22216
tt0087843,Once Upon a Time in America,https://en.wikipedia.org/?curid=442308
tt0053125,North by Northwest,https://en.wikipedia.org/?curid=73412
tt0119822,As Good as It Gets,https://en.wikipedia.org/?curid=142447
tt0117571,Scream,https://en.wikipedia.org/?curid=113549
tt0884328,The Mist,https://en.wikipedia.org/?curid=8432450
tt0119177,Gattaca,https://en.wikipedia.org/?curid=42886
tt0056592,To Kill a Mockingbird,https://en.wikipedia.org/?curid=4607980
tt0116367,From Dusk Till Dawn,https://en.wikipedia.org/?curid=447299
tt0071315,Chinatown,https://en.wikipedia.org/?curid=68092
tt0120201,Starship Troopers,https://en.wikipedia.org/?curid=203841
tt0094226,The Untouchables,https://en.wikipedia.org/?curid=3842730
tt0119375,Insomnia,https://en.wikipedia.org/?curid=4760947
tt1478338,Bridesmaids,https://en.wikipedia.org/?curid=29267698
tt0103776,Batman Returns,https://en.wikipedia.org/?curid=4728
tt1790885,Zero Dark Thirty,https://en.wikipedia.org/?curid=34953010
tt3170832,Room,https://en.wikipedia.org/?curid=44425370
tt2652118,"Crouching Tiger, Hidden Dragon",https://en.wikipedia.org/?curid=43989289
tt0113497,Jumanji,https://en.wikipedia.org/?curid=3700174
tt0106977,The Fugitive,https://en.wikipedia.org/?curid=1822067
tt0120669,Fear and Loathing in Las Vegas,https://en.wikipedia.org/?curid=5842075
tt0120623,A Bugs Life,https://en.wikipedia.org/?curid=460442
tt0463854,28 Weeks Later,https://en.wikipedia.org/?curid=5971538
tt0265666,The Royal Tenenbaums,https://en.wikipedia.org/?curid=223268
tt0112384,Apollo 13,https://en.wikipedia.org/?curid=142417
tt0061722,The Graduate,https://en.wikipedia.org/?curid=29942
tt0181875,Almost Famous,https://en.wikipedia.org/?curid=431562
tt0125439,Notting Hill,https://en.wikipedia.org/?curid=204019
tt0196229,Zoolander,https://en.wikipedia.org/?curid=305909
tt0257044,Road to Perdition,https://en.wikipedia.org/?curid=342741
tt1959490,Noah,https://en.wikipedia.org/?curid=36534974
tt0075686,Annie Hall,https://en.wikipedia.org/?curid=66870
tt0056172,Lawrence of Arabia,https://en.wikipedia.org/?curid=43452
tt0452623,Gone Baby Gone,https://en.wikipedia.org/?curid=5565988
tt0824747,Changeling,https://en.wikipedia.org/?curid=10825132
tt0113189,GoldenEye,https://en.wikipedia.org/?curid=268833
tt0105323,Scent of a Woman,https://en.wikipedia.org/?curid=133648
tt0368447,The Village,https://en.wikipedia.org/?curid=739286
tt0783233,Atonement,https://en.wikipedia.org/?curid=4902239
tt0120611,Blade,https://en.wikipedia.org/?curid=471544
tt0093409,Lethal Weapon,https://en.wikipedia.org/?curid=235418
tt1817273,The Place Beyond the Pines,https://en.wikipedia.org/?curid=33572843
tt0134847,Pitch Black,https://en.wikipedia.org/?curid=488484
tt0298203,8 Mile,https://en.wikipedia.org/?curid=11014779
tt1386588,The Other Guys,https://en.wikipedia.org/?curid=2549266
tt0145503,Sunshine,https://en.wikipedia.org/?curid=4413065
tt0430922,Role Models,https://en.wikipedia.org/?curid=13253566
tt0116695,Jerry Maguire,https://en.wikipedia.org/?curid=142435
tt0110213,The Jungle Book,https://en.wikipedia.org/?curid=726161
tt1706620,Snowpiercer,https://en.wikipedia.org/?curid=35816879
tt1655442,The Artist,https://en.wikipedia.org/?curid=31701975
tt0111503,True Lies,https://en.wikipedia.org/?curid=68374
tt0185937,The Blair Witch Project,https://en.wikipedia.org/?curid=18841979
tt0118749,Boogie Nights,https://en.wikipedia.org/?curid=452017
tt0765443,Eastern Promises,https://en.wikipedia.org/?curid=5425205
tt0099348,Dances with Wolves,https://en.wikipedia.org/?curid=129585
tt0315733,21 Grams,https://en.wikipedia.org/?curid=468326
tt1931533,Seven Psychopaths,https://en.wikipedia.org/?curid=33757147
tt0427944,Thank You for Smoking,https://en.wikipedia.org/?curid=2273984
tt1124035,The Ides of March,https://en.wikipedia.org/?curid=31024173
tt0358273,Walk the Line,https://en.wikipedia.org/?curid=1641890
tt0399146,A History of Violence,https://en.wikipedia.org/?curid=1726126
tt0364725,Dodgeball: A True Underdog Story,https://en.wikipedia.org/?curid=709419
tt1192628,Rango,https://en.wikipedia.org/?curid=34480764
tt0072890,Dog Day Afternoon,https://en.wikipedia.org/?curid=101914
tt0420223,Stranger Than Fiction,https://en.wikipedia.org/?curid=4155050
tt1855199,End of Watch,https://en.wikipedia.org/?curid=35729649
tt0333766,Garden State,https://en.wikipedia.org/?curid=558336
tt1234721,RoboCop,https://en.wikipedia.org/?curid=36137173
tt0104257,A Few Good Men,https://en.wikipedia.org/?curid=20691749
tt0302886,Old School,https://en.wikipedia.org/?curid=974837
tt0195714,Final Destination,https://en.wikipedia.org/?curid=219712
tt0070735,The Sting,https://en.wikipedia.org/?curid=62440
tt0109445,Clerks,https://en.wikipedia.org/?curid=200694
tt0107818,Philadelphia,https://en.wikipedia.org/?curid=468293
tt0983193,The Adventures of Tintin,https://en.wikipedia.org/?curid=11400848
tt0373469,Kiss Kiss Bang Bang,https://en.wikipedia.org/?curid=1889426
tt0245712,Amores Perros,https://en.wikipedia.org/?curid=729979
tt0408306,Munich,https://en.wikipedia.org/?curid=2311219
tt0110632,Natural Born Killers,https://en.wikipedia.org/?curid=21180
tt0083944,First Blood,https://en.wikipedia.org/?curid=872441
tt1189340,The Lincoln Lawyer,https://en.wikipedia.org/?curid=28842238
tt1139797,Let the Right One In,https://en.wikipedia.org/?curid=16881835
tt0082096,Das Boot,https://en.wikipedia.org/?curid=8994
tt0057115,The Great Escape,https://en.wikipedia.org/?curid=181229
tt3799694,The Nice Guys,https://en.wikipedia.org/?curid=43846431
tt3076658,Creed,https://en.wikipedia.org/?curid=44749281
tt0181865,Traffic,https://en.wikipedia.org/?curid=37599
tt1077258,Planet Terror,https://en.wikipedia.org/?curid=8586622
tt0080678,The Elephant Man,https://en.wikipedia.org/?curid=106344
tt0059578,For a Few Dollars More,https://en.wikipedia.org/?curid=442300
tt0108399,True Romance,https://en.wikipedia.org/?curid=441315
tt0985694,Machete,https://en.wikipedia.org/?curid=10304105
tt0123755,Cube,https://en.wikipedia.org/?curid=376485
tt0374900,Napoleon Dynamite,https://en.wikipedia.org/?curid=882119
tt0187738,Blade II,https://en.wikipedia.org/?curid=479757
tt0095765,Cinema Paradiso,https://en.wikipedia.org/?curid=1249349
tt1832382,A Separation,https://en.wikipedia.org/?curid=30547958
tt1127180,Drag Me to Hell,https://en.wikipedia.org/?curid=20469278
tt0435625,The Descent,https://en.wikipedia.org/?curid=2253390
tt0118929,Dark City,https://en.wikipedia.org/?curid=1884712
tt0116483,Happy Gilmore,https://en.wikipedia.org/?curid=400797
tt0143145,The World Is Not Enough,https://en.wikipedia.org/?curid=166121
tt0094737,Big,https://en.wikipedia.org/?curid=38444154
tt0117665,Sleepers,https://en.wikipedia.org/?curid=725103
tt1179056,A Nightmare on Elm Street,https://en.wikipedia.org/?curid=23286957
tt0088846,Brazil,https://en.wikipedia.org/?curid=74537
tt0058461,A Fistful of Dollars,https://en.wikipedia.org/?curid=441926
tt1899353,The Raid: Redemption,https://en.wikipedia.org/?curid=33061601
tt1340800,Tinker Tailor Soldier Spy,https://en.wikipedia.org/?curid=31330546
tt0375063,Sideways,https://en.wikipedia.org/?curid=1144172
tt0063611,Shame,https://en.wikipedia.org/?curid=2772791
tt2053463,Side Effects,https://en.wikipedia.org/?curid=34421028
tt0352248,Cinderella Man,https://en.wikipedia.org/?curid=1424754
tt0307901,25th Hour,https://en.wikipedia.org/?curid=695700
tt0087363,Gremlins,https://en.wikipedia.org/?curid=382387
tt0455590,The Last King of Scotland,https://en.wikipedia.org/?curid=2528212
tt1226229,Get Him to the Greek,https://en.wikipedia.org/?curid=19861657
tt1120985,Blue Valentine,https://en.wikipedia.org/?curid=25971350
tt0083907,The Evil Dead,https://en.wikipedia.org/?curid=9294
tt0122690,Ronin,https://en.wikipedia.org/?curid=163438
tt0096438,Who Framed Roger Rabbit,https://en.wikipedia.org/?curid=76018
tt0432283,Fantastic Mr. Fox,https://en.wikipedia.org/?curid=3112909
tt0063522,Rosemarys Baby,https://en.wikipedia.org/?curid=9830229
tt0146882,High Fidelity,https://en.wikipedia.org/?curid=160047
tt0362270,The Life Aquatic with Steve Zissou,https://en.wikipedia.org/?curid=1075838
tt0109707,Ed Wood,https://en.wikipedia.org/?curid=528464
tt0838221,The Darjeeling Limited,https://en.wikipedia.org/?curid=6238106
tt0120604,Beowulf,https://en.wikipedia.org/?curid=1033167
tt0120863,The Thin Red Line,https://en.wikipedia.org/?curid=142465
tt0058150,Goldfinger,https://en.wikipedia.org/?curid=6322029
tt0112851,Desperado,https://en.wikipedia.org/?curid=639796
tt0266308,Battle Royale,https://en.wikipedia.org/?curid=304692
tt1305806,The Secret in Their Eyes,https://en.wikipedia.org/?curid=24522644
tt0478304,The Tree of Life,https://en.wikipedia.org/?curid=16074507
tt1935179,Mud,https://en.wikipedia.org/?curid=35566754
tt0120188,Three Kings,https://en.wikipedia.org/?curid=192461
tt0109506,The Crow,https://en.wikipedia.org/?curid=406339
tt0100157,Misery,https://en.wikipedia.org/?curid=7074043
tt0090756,Blue Velvet,https://en.wikipedia.org/?curid=3947
tt0128445,Rushmore,https://en.wikipedia.org/?curid=407351
tt0063442,Planet of the Apes,https://en.wikipedia.org/?curid=18618306
tt0106856,Falling Down,https://en.wikipedia.org/?curid=19625929
tt0117381,Primal Fear,https://en.wikipedia.org/?curid=1055466
tt0082694,The Road Warrior,https://en.wikipedia.org/?curid=262465
tt0375912,Layer Cake,https://en.wikipedia.org/?curid=1044633
tt0067992,Willy Wonka & the Chocolate Factory,https://en.wikipedia.org/?curid=704925
tt0140352,The Insider,https://en.wikipedia.org/?curid=142469
tt0465538,Michael Clayton,https://en.wikipedia.org/?curid=5968326
tt4034228,Manchester by the Sea,https://en.wikipedia.org/?curid=46220189
tt1139328,The Ghost Writer,https://en.wikipedia.org/?curid=21754296
tt0096754,The Abyss,https://en.wikipedia.org/?curid=45568
tt3235888,It Follows,https://en.wikipedia.org/?curid=44202021
tt1091722,Adventureland,https://en.wikipedia.org/?curid=13514560
tt1465522,Tucker and Dale vs Evil,https://en.wikipedia.org/?curid=1505668
tt0498380,Letters from Iwo Jima,https://en.wikipedia.org/?curid=14725310
tt0424136,Hard Candy,https://en.wikipedia.org/?curid=4538840
tt0129167,The Iron Giant,https://en.wikipedia.org/?curid=842825
tt0106308,Army of Darkness,https://en.wikipedia.org/?curid=3217
tt0055824,Cape Fear,https://en.wikipedia.org/?curid=171029
tt0285823,Once Upon a Time in Mexico,https://en.wikipedia.org/?curid=590462
